month,department,cost_type,gl_account,budget,actual,variance,variance_pct,z_score,iqr_flag,z_flag,is_signal,is_noise,abs_variance,impact_tier
2024-01-01,Engineering,Headcount,GL-4513,129285.49,133966.77,4681.28,3.62,0.06978400101372048,False,False,False,True,4681.28,Low
2024-02-01,Engineering,Headcount,GL-4513,129930.74,150088.69,20157.95,15.51,0.6477213046030192,False,False,False,True,20157.95,Medium
2024-03-01,Engineering,Headcount,GL-4513,120710.61,164046.68,43336.07,35.9,1.878161437616083,False,False,False,True,43336.07,Medium
2024-04-01,Engineering,Headcount,GL-4513,114268.58,117784.51,3515.93,3.08,0.10237044887183987,False,False,False,True,3515.93,Low
2024-05-01,Engineering,Headcount,GL-4513,129786.53,130919.97,1133.44,0.87,0.23573350399488402,False,False,False,True,1133.44,Low
2024-06-01,Engineering,Headcount,GL-4513,118918.56,136180.23,17261.68,14.52,0.5879794835298005,False,False,False,True,17261.68,Low
2024-07-01,Engineering,Headcount,GL-4513,112562.31,113838.19,1275.87,1.13,0.22004373280393766,False,False,False,True,1275.87,Low
2024-08-01,Engineering,Headcount,GL-4513,126231.57,199363.47,73131.9,57.93,3.207567819679731,True,True,True,False,73131.9,High
2024-09-01,Engineering,Headcount,GL-4513,128029.99,130039.45,2009.47,1.57,0.19349181232695148,False,False,False,True,2009.47,Low
2024-10-01,Engineering,Headcount,GL-4513,118178.01,136428.52,18250.51,15.44,0.643497135436226,False,False,False,True,18250.51,Low
2024-11-01,Engineering,Headcount,GL-4513,119387.66,121517.4,2129.74,1.78,0.18081930482657171,False,False,False,True,2129.74,Low
2024-12-01,Engineering,Headcount,GL-4513,127446.23,102698.33,-24747.89,-19.42,1.4601391096268144,False,False,False,True,24747.89,Medium
2024-01-01,Engineering,Vendor/SaaS,GL-8737,262303.23,266342.41,4039.18,1.54,0.19530217054129145,False,False,False,True,4039.18,Low
2024-02-01,Engineering,Vendor/SaaS,GL-8737,270259.54,269153.67,-1105.86,-0.41,0.31297545447338926,False,False,False,True,1105.86,Low
2024-03-01,Engineering,Vendor/SaaS,GL-8737,269957.02,261044.92,-8912.09,-3.3,0.4873732957881393,False,False,False,True,8912.09,Low
2024-04-01,Engineering,Vendor/SaaS,GL-8737,267750.72,277840.62,10089.9,3.77,0.06073220994202066,False,False,False,True,10089.9,Low
2024-05-01,Engineering,Vendor/SaaS,GL-8737,276976.63,413652.07,136675.44,49.35,2.689805370378501,False,True,True,False,136675.44,High
2024-06-01,Engineering,Vendor/SaaS,GL-8737,305544.55,359007.76,53463.22,17.5,0.7678083994875705,False,False,False,True,53463.22,Medium
2024-07-01,Engineering,Vendor/SaaS,GL-8737,267128.24,277022.84,9894.6,3.7,0.0649563791088139,False,False,False,True,9894.6,Low
2024-08-01,Engineering,Vendor/SaaS,GL-8737,304432.04,308501.85,4069.81,1.34,0.20737122530355792,False,False,False,True,4069.81,Low
2024-09-01,Engineering,Vendor/SaaS,GL-8737,284156.27,369766.31,85610.05,30.13,1.529969207724696,False,False,False,True,85610.05,High
2024-10-01,Engineering,Vendor/SaaS,GL-8737,285892.74,382766.91,96874.18,33.88,1.7562639845171921,False,False,False,True,96874.18,High
2024-11-01,Engineering,Vendor/SaaS,GL-8737,272346.18,265342.93,-7003.26,-2.57,0.44332124590586675,False,False,False,True,7003.26,Low
2024-12-01,Engineering,Vendor/SaaS,GL-8737,262899.67,270344.47,7444.8,2.83,0.11745676732467292,False,False,False,True,7444.8,Low
2024-01-01,Engineering,Travel,GL-1366,248664.58,330139.25,81474.67,32.76,1.6886772778484997,False,False,False,True,81474.67,High
2024-02-01,Engineering,Travel,GL-1366,274327.12,277317.92,2990.8,1.09,0.22245754375639096,False,False,False,True,2990.8,Low
2024-03-01,Engineering,Travel,GL-1366,257701.67,396004.08,138302.41,53.67,2.950496953243456,True,True,True,False,138302.41,High
2024-04-01,Engineering,Travel,GL-1366,240442.75,248580.58,8137.83,3.38,0.08426686672844022,False,False,False,True,8137.83,Low
2024-05-01,Engineering,Travel,GL-1366,249588.91,256959.09,7370.19,2.95,0.11021533446731305,False,False,False,True,7370.19,Low
2024-06-01,Engineering,Travel,GL-1366,268899.72,277985.4,9085.68,3.38,0.08426686672844022,False,False,False,True,9085.68,Low
2024-07-01,Engineering,Travel,GL-1366,277976.71,383734.25,105757.54,38.05,2.007903776310447,False,True,True,False,105757.54,High
2024-08-01,Engineering,Travel,GL-1366,250545.37,252464.14,1918.77,0.77,0.24176803137601724,False,False,False,True,1918.77,Low
2024-09-01,Engineering,Travel,GL-1366,252634.34,249390.46,-3243.88,-1.28,0.36547584268924826,False,False,False,True,3243.88,Low
2024-10-01,Engineering,Travel,GL-1366,254775.62,258207.63,3432.01,1.35,0.20676777256544457,False,False,False,True,3432.01,Low
2024-11-01,Engineering,Travel,GL-1366,257655.58,267100.61,9445.03,3.67,0.06676673732315389,False,False,False,True,9445.03,Low
2024-12-01,Engineering,Travel,GL-1366,280081.33,280222.2,140.87,0.05,0.28521662852017643,False,False,False,True,140.87,Low
2024-01-01,Engineering,Infrastructure,GL-3653,59470.49,60802.73,1332.23,2.24,0.1530604788733589,False,False,False,True,1332.23,Low
2024-02-01,Engineering,Infrastructure,GL-3653,57633.58,59077.09,1443.51,2.5,0.13737070768241255,False,False,False,True,1443.51,Low
2024-03-01,Engineering,Infrastructure,GL-3653,53050.97,53661.01,610.03,1.15,0.21883682732771104,False,False,False,True,610.03,Low
2024-04-01,Engineering,Infrastructure,GL-3653,57268.46,55497.71,-1770.75,-3.09,0.4747007882877595,False,False,False,True,1770.75,Low
2024-05-01,Engineering,Infrastructure,GL-3653,54866.22,53680.01,-1186.21,-2.16,0.4185796836432206,False,False,False,True,1186.21,Low
2024-06-01,Engineering,Infrastructure,GL-3653,59873.35,79472.81,19599.46,32.73,1.6868669196341597,True,False,True,False,19599.46,Low
2024-07-01,Engineering,Infrastructure,GL-3653,55769.25,82989.9,27220.65,48.81,2.6572189225203817,True,True,True,False,27220.65,Medium
2024-08-01,Engineering,Infrastructure,GL-3653,57638.32,58765.6,1127.28,1.96,0.16995715554053195,False,False,False,True,1127.28,Low
2024-09-01,Engineering,Infrastructure,GL-3653,57236.33,56239.72,-996.62,-1.74,0.3932346686424611,False,False,False,True,996.62,Low
2024-10-01,Engineering,Infrastructure,GL-3653,60601.27,59521.06,-1080.21,-1.78,0.3956484795949144,False,False,False,True,1080.21,Low
2024-11-01,Engineering,Infrastructure,GL-3653,55955.62,56347.64,392.02,0.7,0.24599220054281049,False,False,False,True,392.02,Low
2024-12-01,Engineering,Infrastructure,GL-3653,54455.74,52931.0,-1524.73,-2.8,0.4572006588824732,False,False,False,True,1524.73,Low
2024-01-01,Engineering,Marketing Spend,GL-9711,73329.55,73763.53,433.98,0.59,0.25263018066205706,False,False,False,True,433.98,Low
2024-02-01,Engineering,Marketing Spend,GL-9711,73521.27,70739.88,-2781.39,-3.78,0.5163390272175787,False,False,False,True,2781.39,Low
2024-03-01,Engineering,Marketing Spend,GL-9711,82988.82,84610.94,1622.12,1.95,0.17056060827864525,False,False,False,True,1622.12,Low
2024-04-01,Engineering,Marketing Spend,GL-9711,80234.56,79852.11,-382.45,-0.48,0.31719962364018245,False,False,False,True,382.45,Low
2024-05-01,Engineering,Marketing Spend,GL-9711,77290.46,76224.45,-1066.01,-1.38,0.37151037007038146,False,False,False,True,1066.01,Low
2024-06-01,Engineering,Marketing Spend,GL-9711,76509.77,102339.76,25829.99,33.76,1.749022551659832,False,False,False,True,25829.99,Medium
2024-07-01,Engineering,Marketing Spend,GL-9711,79349.35,80495.23,1145.88,1.44,0.20133669792242467,False,False,False,True,1145.88,Low
2024-08-01,Engineering,Marketing Spend,GL-9711,76835.28,75752.45,-1082.83,-1.41,0.37332072828472146,False,False,False,True,1082.83,Low
2024-09-01,Engineering,Marketing Spend,GL-9711,72753.29,98563.79,25810.5,35.48,1.8528164226153232,False,False,False,True,25810.5,Medium
2024-10-01,Engineering,Marketing Spend,GL-9711,82783.21,83254.9,471.69,0.57,0.25383708613828365,False,False,False,True,471.69,Low
2024-11-01,Engineering,Marketing Spend,GL-9711,72893.32,74646.11,1752.79,2.4,0.14340523506354577,False,False,False,True,1752.79,Low
2024-12-01,Engineering,Marketing Spend,GL-9711,75518.3,117498.59,41980.28,55.59,3.066359878961214,True,True,True,False,41980.28,Medium
2024-01-01,Engineering,R&D,GL-2156,123170.91,122276.87,-894.04,-0.73,0.33228594209301554,False,False,False,True,894.04,Low
2024-02-01,Engineering,R&D,GL-2156,111399.32,114314.79,2915.46,2.62,0.13012927482505268,False,False,False,True,2915.46,Low
2024-03-01,Engineering,R&D,GL-2156,109930.24,111429.32,1499.08,1.36,0.20616431982733124,False,False,False,True,1499.08,Low
2024-04-01,Engineering,R&D,GL-2156,117250.87,112798.88,-4451.99,-3.8,0.5175459326938054,False,False,False,True,4451.99,Low
2024-05-01,Engineering,R&D,GL-2156,116302.92,114717.44,-1585.48,-1.36,0.37030346459415486,False,False,False,True,1585.48,Low
2024-06-01,Engineering,R&D,GL-2156,113827.48,150611.98,36784.5,32.32,1.6621253573715136,False,False,False,True,36784.5,Medium
2024-07-01,Engineering,R&D,GL-2156,119040.27,142889.54,23849.27,20.03,0.920481942230241,False,False,False,True,23849.27,Medium
2024-08-01,Engineering,R&D,GL-2156,112534.15,155051.02,42516.86,37.78,1.9916105523813874,False,True,True,False,42516.86,Medium
2024-09-01,Engineering,R&D,GL-2156,120511.46,118242.92,-2268.54,-1.88,0.4016830069760476,False,False,False,True,2268.54,Low
2024-10-01,Engineering,R&D,GL-2156,118733.92,116194.68,-2539.24,-2.14,0.4173727781669939,False,False,False,True,2539.24,Low
2024-11-01,Engineering,R&D,GL-2156,113876.85,113071.64,-805.21,-0.71,0.3310790366167889,False,False,False,True,805.21,Low
2024-12-01,Engineering,R&D,GL-2156,110148.74,125418.34,15269.6,13.86,0.5481516028143213,False,False,False,True,15269.6,Low
2024-01-01,Sales & Marketing,Headcount,GL-7275,129897.27,133177.94,3280.67,2.53,0.1355603494680726,False,False,False,True,3280.67,Low
2024-02-01,Sales & Marketing,Headcount,GL-7275,131089.34,129925.83,-1163.51,-0.89,0.3419411859028287,False,False,False,True,1163.51,Low
2024-03-01,Sales & Marketing,Headcount,GL-7275,130722.28,128174.06,-2548.22,-1.95,0.40590717614284083,False,False,False,True,2548.22,Low
2024-04-01,Sales & Marketing,Headcount,GL-7275,124012.58,151351.47,27338.89,22.05,1.042379395329132,True,False,True,False,27338.89,Medium
2024-05-01,Sales & Marketing,Headcount,GL-7275,127749.09,125245.47,-2503.62,-1.96,0.40651062888095413,False,False,False,True,2503.62,Low
2024-06-01,Sales & Marketing,Headcount,GL-7275,130999.92,102272.1,-28727.82,-21.93,1.611605746893258,True,False,True,False,28727.82,Medium
2024-07-01,Sales & Marketing,Headcount,GL-7275,132756.88,133618.19,861.31,0.65,0.2490094642333771,False,False,False,True,861.31,Low
2024-08-01,Sales & Marketing,Headcount,GL-7275,131285.28,130413.18,-872.1,-0.66,0.3280617729262223,False,False,False,True,872.1,Low
2024-09-01,Sales & Marketing,Headcount,GL-7275,144178.67,149271.47,5092.8,3.53,0.0752150756567404,False,False,False,True,5092.8,Low
2024-10-01,Sales & Marketing,Headcount,GL-7275,127345.5,189380.38,62034.88,48.71,2.651184395139248,True,True,True,False,62034.88,High
2024-11-01,Sales & Marketing,Headcount,GL-7275,123498.47,127098.53,3600.05,2.92,0.11202569268165304,False,False,False,True,3600.05,Low
2024-12-01,Sales & Marketing,Headcount,GL-7275,131352.76,100160.81,-31191.95,-23.75,1.7214341452298827,True,False,True,False,31191.95,Medium
2024-01-01,Sales & Marketing,Vendor/SaaS,GL-9866,129493.85,128648.61,-845.23,-0.65,0.327458320188109,False,False,False,True,845.23,Low
2024-02-01,Sales & Marketing,Vendor/SaaS,GL-9866,112860.0,110519.68,-2340.32,-2.07,0.4131486090002007,False,False,False,True,2340.32,Low
2024-03-01,Sales & Marketing,Vendor/SaaS,GL-9866,129063.82,124989.2,-4074.63,-3.16,0.4789249574545528,False,False,False,True,4074.63,Low
2024-04-01,Sales & Marketing,Vendor/SaaS,GL-9866,128970.59,125835.13,-3135.46,-2.43,0.4348729075722803,False,False,False,True,3135.46,Low
2024-05-01,Sales & Marketing,Vendor/SaaS,GL-9866,116002.76,115998.69,-4.08,-0.0,0.288233892210743,False,False,False,True,4.08,Low
2024-06-01,Sales & Marketing,Vendor/SaaS,GL-9866,114110.44,91131.44,-22979.0,-20.14,1.5035877067709735,True,False,True,False,22979.0,Medium
2024-07-01,Sales & Marketing,Vendor/SaaS,GL-9866,128095.95,128357.06,261.11,0.2,0.2761648374484766,False,False,False,True,261.11,Low
2024-08-01,Sales & Marketing,Vendor/SaaS,GL-9866,119249.98,184230.78,64980.8,54.49,2.999980077768748,True,True,True,False,64980.8,High
2024-09-01,Sales & Marketing,Vendor/SaaS,GL-9866,119226.24,181084.29,61858.05,51.88,2.8424789131211714,True,True,True,False,61858.05,High
2024-10-01,Sales & Marketing,Vendor/SaaS,GL-9866,117863.76,118427.59,563.83,0.48,0.2592681607813036,False,False,False,True,563.83,Low
2024-11-01,Sales & Marketing,Vendor/SaaS,GL-9866,126184.61,127380.81,1196.2,0.95,0.23090588208997745,False,False,False,True,1196.2,Low
2024-12-01,Sales & Marketing,Vendor/SaaS,GL-9866,124912.82,79927.34,-44985.48,-36.01,2.4612672021568156,True,True,True,False,44985.48,Medium
2024-01-01,Sales & Marketing,Travel,GL-6237,285471.18,277929.04,-7542.14,-2.64,0.44754541507266005,False,False,False,True,7542.14,Low
2024-02-01,Sales & Marketing,Travel,GL-6237,292815.71,299252.28,6436.57,2.2,0.1554742898258122,False,False,False,True,6436.57,Low
2024-03-01,Sales & Marketing,Travel,GL-6237,316840.4,309187.33,-7653.07,-2.42,0.43426945483416696,False,False,False,True,7653.07,Low
2024-04-01,Sales & Marketing,Travel,GL-6237,330775.09,328714.78,-2060.31,-0.62,0.325647961973769,False,False,False,True,2060.31,Low
2024-05-01,Sales & Marketing,Travel,GL-6237,308643.18,307549.57,-1093.61,-0.35,0.3093547380447093,False,False,False,True,1093.61,Low
2024-06-01,Sales & Marketing,Travel,GL-6237,301234.64,417927.87,116693.23,38.74,2.049542015240266,False,True,True,False,116693.23,High
2024-07-01,Sales & Marketing,Travel,GL-6237,331727.48,320881.25,-10846.23,-3.27,0.48556293757379937,False,False,False,True,10846.23,Low
2024-08-01,Sales & Marketing,Travel,GL-6237,330474.12,385838.18,55364.06,16.75,0.7225494441290713,False,False,False,True,55364.06,Medium
2024-09-01,Sales & Marketing,Travel,GL-6237,286980.36,283873.75,-3106.61,-1.08,0.3534067879269818,False,False,False,True,3106.61,Low
2024-10-01,Sales & Marketing,Travel,GL-6237,314575.02,385098.85,70523.84,22.42,1.064707146639325,False,False,False,True,70523.84,High
2024-11-01,Sales & Marketing,Travel,GL-6237,301863.23,474142.76,172279.54,57.07,3.155670884201985,False,True,True,False,172279.54,Critical
2024-12-01,Sales & Marketing,Travel,GL-6237,318277.94,311034.24,-7243.7,-2.28,0.42582111650058047,False,False,False,True,7243.7,Low
2024-01-01,Sales & Marketing,Infrastructure,GL-7469,227328.52,236096.66,8768.14,3.86,0.05530113529900077,False,False,False,True,8768.14,Low
2024-02-01,Sales & Marketing,Infrastructure,GL-7469,216781.49,212667.32,-4114.16,-1.9,0.4028899124522742,False,False,False,True,4114.16,Low
2024-03-01,Sales & Marketing,Infrastructure,GL-7469,198276.65,196012.77,-2263.88,-1.14,0.3570275043556617,False,False,False,True,2263.88,Low
2024-04-01,Sales & Marketing,Infrastructure,GL-7469,206112.92,208071.61,1958.69,0.95,0.23090588208997745,False,False,False,True,1958.69,Low
2024-05-01,Sales & Marketing,Infrastructure,GL-7469,208309.03,208912.82,603.78,0.29,0.2707337628054567,False,False,False,True,603.78,Low
2024-06-01,Sales & Marketing,Infrastructure,GL-7469,197456.97,154945.94,-42511.03,-21.53,1.5874676373687253,True,False,True,False,42511.03,Medium
2024-07-01,Sales & Marketing,Infrastructure,GL-7469,221616.58,226571.18,4954.6,2.24,0.1530604788733589,False,False,False,True,4954.6,Low
2024-08-01,Sales & Marketing,Infrastructure,GL-7469,207601.12,204068.53,-3532.58,-1.7,0.3908208576900078,False,False,False,True,3532.58,Low
2024-09-01,Sales & Marketing,Infrastructure,GL-7469,207312.85,201480.73,-5832.12,-2.81,0.4578041116205865,False,False,False,True,5832.12,Low
2024-10-01,Sales & Marketing,Infrastructure,GL-7469,198420.01,195817.58,-2602.44,-1.31,0.3672862009035882,False,False,False,True,2602.44,Low
2024-11-01,Sales & Marketing,Infrastructure,GL-7469,203540.12,210887.12,7347.0,3.61,0.07038745375183382,False,False,False,True,7347.0,Low
2024-12-01,Sales & Marketing,Infrastructure,GL-7469,203869.56,206174.58,2305.02,1.13,0.22004373280393766,False,False,False,True,2305.02,Low
2024-01-01,Sales & Marketing,Marketing Spend,GL-3702,107103.59,103193.33,-3910.26,-3.65,0.5084941416221055,False,False,False,True,3910.26,Low
2024-02-01,Sales & Marketing,Marketing Spend,GL-3702,107450.2,84145.41,-23304.8,-21.69,1.5971228811785385,True,False,True,False,23304.8,Medium
2024-03-01,Sales & Marketing,Marketing Spend,GL-3702,104061.68,161174.17,57112.49,54.88,3.023514734555168,True,True,True,False,57112.49,Medium
2024-04-01,Sales & Marketing,Marketing Spend,GL-3702,108859.55,111878.58,3019.03,2.77,0.12107748375335285,False,False,False,True,3019.03,Low
2024-05-01,Sales & Marketing,Marketing Spend,GL-3702,113158.73,112280.35,-878.38,-0.78,0.3353032057835822,False,False,False,True,878.38,Low
2024-06-01,Sales & Marketing,Marketing Spend,GL-3702,114599.19,110732.45,-3866.73,-3.37,0.49159746495493256,False,False,False,True,3866.73,Low
2024-07-01,Sales & Marketing,Marketing Spend,GL-3702,104766.53,105143.36,376.83,0.36,0.26650959363866344,False,False,False,True,376.83,Low
2024-08-01,Sales & Marketing,Marketing Spend,GL-3702,114865.25,113563.04,-1302.22,-1.13,0.3564240516175484,False,False,False,True,1302.22,Low
2024-09-01,Sales & Marketing,Marketing Spend,GL-3702,117437.25,135844.17,18406.92,15.67,0.6573765484128324,False,False,False,True,18406.92,Low
2024-10-01,Sales & Marketing,Marketing Spend,GL-3702,111633.1,113952.92,2319.83,2.08,0.16271572268317208,False,False,False,True,2319.83,Low
2024-11-01,Sales & Marketing,Marketing Spend,GL-3702,113878.61,113013.52,-865.09,-0.76,0.3340963003073555,False,False,False,True,865.09,Low
2024-12-01,Sales & Marketing,Marketing Spend,GL-3702,119148.38,115064.5,-4083.88,-3.43,0.4952181813836125,False,False,False,True,4083.88,Low
2024-01-01,Sales & Marketing,R&D,GL-1068,376453.14,563766.84,187313.7,49.76,2.714546932641147,True,True,True,False,187313.7,Critical
2024-02-01,Sales & Marketing,R&D,GL-1068,374950.1,293427.77,-81522.33,-21.74,1.6001401448691048,True,False,True,False,81522.33,High
2024-03-01,Sales & Marketing,R&D,GL-1068,362376.79,354827.41,-7549.38,-2.08,0.413752061738314,False,False,False,True,7549.38,Low
2024-04-01,Sales & Marketing,R&D,GL-1068,346424.96,336799.77,-9625.19,-2.78,0.4559937534062466,False,False,False,True,9625.19,Low
2024-05-01,Sales & Marketing,R&D,GL-1068,362763.28,370085.65,7322.37,2.02,0.166336439111852,False,False,False,True,7322.37,Low
2024-06-01,Sales & Marketing,R&D,GL-1068,372923.03,379361.08,6438.05,1.73,0.18383656851713834,False,False,False,True,6438.05,Low
2024-07-01,Sales & Marketing,R&D,GL-1068,332001.67,445251.11,113249.44,34.11,1.7701433974937983,True,False,True,False,113249.44,High
2024-08-01,Sales & Marketing,R&D,GL-1068,343671.03,335984.39,-7686.64,-2.24,0.42340730554812717,False,False,False,True,7686.64,Low
2024-09-01,Sales & Marketing,R&D,GL-1068,348358.18,339030.53,-9327.65,-2.68,0.4499592260251134,False,False,False,True,9327.65,Low
2024-10-01,Sales & Marketing,R&D,GL-1068,328023.02,245956.35,-82066.67,-25.02,1.7980726429702745,True,False,True,False,82066.67,High
2024-11-01,Sales & Marketing,R&D,GL-1068,345465.55,332224.47,-13241.08,-3.83,0.5193562909081454,False,False,False,True,13241.08,Low
2024-12-01,Sales & Marketing,R&D,GL-1068,376813.31,382093.44,5280.12,1.4,0.20375050887487797,False,False,False,True,5280.12,Low
2024-01-01,Finance,Headcount,GL-9794,87445.91,84601.29,-2844.62,-3.25,0.48435603209757266,False,False,False,True,2844.62,Low
2024-02-01,Finance,Headcount,GL-9794,97001.76,100579.13,3577.37,3.69,0.06555983184692724,False,False,False,True,3577.37,Low
2024-03-01,Finance,Headcount,GL-9794,101041.22,116580.25,15539.03,15.38,0.6398764190075461,False,False,False,True,15539.03,Low
2024-04-01,Finance,Headcount,GL-9794,89004.57,134883.48,45878.91,51.55,2.8225649727634314,False,True,True,False,45878.91,Medium
2024-05-01,Finance,Headcount,GL-9794,97691.4,97102.7,-588.7,-0.6,0.32444105649754235,False,False,False,True,588.7,Low
2024-06-01,Finance,Headcount,GL-9794,90201.42,92593.01,2391.59,2.65,0.12831891661071274,False,False,False,True,2391.59,Low
2024-07-01,Finance,Headcount,GL-9794,97643.23,98531.93,888.69,0.91,0.23331969304243075,False,False,False,True,888.69,Low
2024-08-01,Finance,Headcount,GL-9794,94280.19,95541.63,1261.44,1.34,0.20737122530355792,False,False,False,True,1261.44,Low
2024-09-01,Finance,Headcount,GL-9794,98597.87,135776.38,37178.51,37.71,1.987386383214594,False,True,True,False,37178.51,Medium
2024-10-01,Finance,Headcount,GL-9794,89708.11,88982.28,-725.83,-0.81,0.3371135639979221,False,False,False,True,725.83,Low
2024-11-01,Finance,Headcount,GL-9794,96365.02,96712.87,347.85,0.36,0.26650959363866344,False,False,False,True,347.85,Low
2024-12-01,Finance,Headcount,GL-9794,97887.56,115174.33,17286.77,17.66,0.7774636432973836,False,False,False,True,17286.77,Low
2024-01-01,Finance,Vendor/SaaS,GL-4256,188299.61,188041.74,-257.87,-0.14,0.2966822305443295,False,False,False,True,257.87,Low
2024-02-01,Finance,Vendor/SaaS,GL-4256,185581.25,187794.59,2213.34,1.19,0.21642301637525774,False,False,False,True,2213.34,Low
2024-03-01,Finance,Vendor/SaaS,GL-4256,167503.9,164999.41,-2504.49,-1.5,0.37875180292774135,False,False,False,True,2504.49,Low
2024-04-01,Finance,Vendor/SaaS,GL-4256,181831.62,180118.02,-1713.61,-0.94,0.34495844959339533,False,False,False,True,1713.61,Low
2024-05-01,Finance,Vendor/SaaS,GL-4256,174253.78,171191.82,-3061.96,-1.76,0.3944415741186877,False,False,False,True,3061.96,Low
2024-06-01,Finance,Vendor/SaaS,GL-4256,179866.65,179114.85,-751.8,-0.42,0.31357890721150256,False,False,False,True,751.8,Low
2024-07-01,Finance,Vendor/SaaS,GL-4256,189978.32,189199.54,-778.78,-0.41,0.31297545447338926,False,False,False,True,778.78,Low
2024-08-01,Finance,Vendor/SaaS,GL-4256,185521.3,185187.39,-333.91,-0.18,0.2990960414967828,False,False,False,True,333.91,Low
2024-09-01,Finance,Vendor/SaaS,GL-4256,189726.77,232625.07,42898.3,22.61,1.076172748663478,True,False,True,False,42898.3,Medium
2024-10-01,Finance,Vendor/SaaS,GL-4256,168726.39,170105.76,1379.37,0.82,0.23875076768545064,False,False,False,True,1379.37,Low
2024-11-01,Finance,Vendor/SaaS,GL-4256,172026.31,171818.62,-207.7,-0.12,0.2954753250681029,False,False,False,True,207.7,Low
2024-12-01,Finance,Vendor/SaaS,GL-4256,188976.57,183079.08,-5897.49,-3.12,0.4765111465020995,False,False,False,True,5897.49,Low
2024-01-01,Finance,Travel,GL-9981,80776.95,80357.07,-419.88,-0.52,0.3196134345926358,False,False,False,True,419.88,Low
2024-02-01,Finance,Travel,GL-9981,84879.58,85702.7,823.12,0.97,0.22969897661375083,False,False,False,True,823.12,Low
2024-03-01,Finance,Travel,GL-9981,80653.09,78477.42,-2175.67,-2.7,0.45116613150134,False,False,False,True,2175.67,Low
2024-04-01,Finance,Travel,GL-9981,88695.6,87766.91,-928.69,-1.05,0.3515964297126418,False,False,False,True,928.69,Low
2024-05-01,Finance,Travel,GL-9981,92793.85,124247.07,31453.22,33.9,1.7574708899934184,False,False,False,True,31453.22,Medium
2024-06-01,Finance,Travel,GL-9981,86213.59,117521.16,31307.56,36.31,1.9029029998787292,False,False,False,True,31307.56,Medium
2024-07-01,Finance,Travel,GL-9981,80444.07,105879.45,25435.38,31.62,1.619883665703581,False,False,False,True,25435.38,Medium
2024-08-01,Finance,Travel,GL-9981,84061.03,81393.75,-2667.29,-3.17,0.4795284101926661,False,False,False,True,2667.29,Low
2024-09-01,Finance,Travel,GL-9981,89580.65,120917.23,31336.58,34.98,1.8226437857096571,False,False,False,True,31336.58,Medium
2024-10-01,Finance,Travel,GL-9981,92921.66,93004.17,82.51,0.09,0.28280281756772313,False,False,False,True,82.51,Low
2024-11-01,Finance,Travel,GL-9981,91243.38,91089.81,-153.56,-0.17,0.2984925887586695,False,False,False,True,153.56,Low
2024-12-01,Finance,Travel,GL-9981,82067.73,81938.3,-129.43,-0.16,0.2978891360205562,False,False,False,True,129.43,Low
2024-01-01,Finance,Infrastructure,GL-2129,225899.7,146496.51,-79403.19,-35.15,2.40937026667907,False,True,True,False,79403.19,High
2024-02-01,Finance,Infrastructure,GL-2129,224586.44,224998.1,411.66,0.18,0.2773717429247033,False,False,False,True,411.66,Low
2024-03-01,Finance,Infrastructure,GL-2129,223370.5,230699.04,7328.54,3.28,0.09030139410957344,False,False,False,True,7328.54,Low
2024-04-01,Finance,Infrastructure,GL-2129,246496.24,334765.37,88269.12,35.81,1.8727303629730632,False,False,False,True,88269.12,High
2024-05-01,Finance,Infrastructure,GL-2129,236879.97,246319.76,9439.79,3.99,0.04745624970352756,False,False,False,True,9439.79,Low
2024-06-01,Finance,Infrastructure,GL-2129,229336.24,298201.65,68865.41,30.03,1.523934680343563,False,False,False,True,68865.41,High
2024-07-01,Finance,Infrastructure,GL-2129,253176.06,245398.48,-7777.58,-3.07,0.4734938828115329,False,False,False,True,7777.58,Low
2024-08-01,Finance,Infrastructure,GL-2129,249735.12,252563.19,2828.07,1.13,0.22004373280393766,False,False,False,True,2828.07,Low
2024-09-01,Finance,Infrastructure,GL-2129,236994.16,325878.52,88884.35,37.5,1.9747138757142142,False,True,True,False,88884.35,High
2024-10-01,Finance,Infrastructure,GL-2129,226875.19,219213.19,-7662.0,-3.38,0.49220091769304586,False,False,False,True,7662.0,Low
2024-11-01,Finance,Infrastructure,GL-2129,228016.56,310626.64,82610.08,36.23,1.8980753779738224,False,False,False,True,82610.08,High
2024-12-01,Finance,Infrastructure,GL-2129,251844.23,247825.08,-4019.15,-1.6,0.3847863303088746,False,False,False,True,4019.15,Low
2024-01-01,Finance,Marketing Spend,GL-6523,49654.32,50964.01,1309.69,2.64,0.12892236934882603,False,False,False,True,1309.69,Low
2024-02-01,Finance,Marketing Spend,GL-6523,52125.89,50138.34,-1987.55,-3.81,0.5181493854319187,False,False,False,True,1987.55,Low
2024-03-01,Finance,Marketing Spend,GL-6523,48853.44,50683.13,1829.69,3.75,0.0619391154182473,False,False,False,True,1829.69,Low
2024-04-01,Finance,Marketing Spend,GL-6523,53725.84,64906.72,11180.88,20.81,0.96755125580308,True,False,True,False,11180.88,Low
2024-05-01,Finance,Marketing Spend,GL-6523,56624.14,36948.08,-19676.06,-34.75,2.385232157154537,True,True,True,False,19676.06,Low
2024-06-01,Finance,Marketing Spend,GL-6523,55064.46,56980.88,1916.42,3.48,0.078232339347307,False,False,False,True,1916.42,Low
2024-07-01,Finance,Marketing Spend,GL-6523,53695.53,54927.0,1231.47,2.29,0.15004321518279232,False,False,False,True,1231.47,Low
2024-08-01,Finance,Marketing Spend,GL-6523,55731.86,54424.21,-1307.65,-2.35,0.43004528566737377,False,False,False,True,1307.65,Low
2024-09-01,Finance,Marketing Spend,GL-6523,48818.11,49109.71,291.61,0.6,0.25202672792394376,False,False,False,True,291.61,Low
2024-10-01,Finance,Marketing Spend,GL-6523,54456.09,53133.32,-1322.77,-2.43,0.4348729075722803,False,False,False,True,1322.77,Low
2024-11-01,Finance,Marketing Spend,GL-6523,52193.61,52607.91,414.3,0.79,0.24056112589979062,False,False,False,True,414.3,Low
2024-12-01,Finance,Marketing Spend,GL-6523,53912.77,52075.64,-1837.13,-3.41,0.4940112759073858,False,False,False,True,1837.13,Low
2024-01-01,Finance,R&D,GL-3379,120091.62,118115.47,-1976.15,-1.65,0.38780359399944114,False,False,False,True,1976.15,Low
2024-02-01,Finance,R&D,GL-3379,110379.56,107813.71,-2565.84,-2.32,0.4282349274530337,False,False,False,True,2565.84,Low
2024-03-01,Finance,R&D,GL-3379,113808.52,118002.91,4194.4,3.69,0.06555983184692724,False,False,False,True,4194.4,Low
2024-04-01,Finance,R&D,GL-3379,109764.06,130325.18,20561.12,18.73,0.8420330862755091,True,False,True,False,20561.12,Medium
2024-05-01,Finance,R&D,GL-3379,116244.01,118457.23,2213.22,1.9,0.17357787196921187,False,False,False,True,2213.22,Low
2024-06-01,Finance,R&D,GL-3379,104857.64,105007.08,149.44,0.14,0.27978555387715653,False,False,False,True,149.44,Low
2024-07-01,Finance,R&D,GL-3379,109509.8,106106.47,-3403.33,-3.11,0.47590769376398623,False,False,False,True,3403.33,Low
2024-08-01,Finance,R&D,GL-3379,111926.4,110459.48,-1466.92,-1.31,0.3672862009035882,False,False,False,True,1466.92,Low
2024-09-01,Finance,R&D,GL-3379,119901.55,116388.17,-3513.38,-2.93,0.46504554447794644,False,False,False,True,3513.38,Low
2024-10-01,Finance,R&D,GL-3379,120378.66,122848.8,2470.14,2.05,0.16452608089751206,False,False,False,True,2470.14,Low
2024-11-01,Finance,R&D,GL-3379,115370.34,156175.1,40804.76,35.37,1.8461784424960768,True,False,True,False,40804.76,Medium
2024-12-01,Finance,R&D,GL-3379,109908.38,68970.69,-40937.69,-37.25,2.5360953416828678,True,True,True,False,40937.69,Medium
2024-01-01,Operations,Headcount,GL-5633,75701.35,72879.65,-2821.7,-3.73,0.5133217635270121,False,False,False,True,2821.7,Low
2024-02-01,Operations,Headcount,GL-5633,75294.6,114697.09,39402.49,52.33,2.8696342863362707,True,True,True,False,39402.49,Medium
2024-03-01,Operations,Headcount,GL-5633,72865.95,72630.98,-234.97,-0.32,0.30754437983036936,False,False,False,True,234.97,Low
2024-04-01,Operations,Headcount,GL-5633,68184.6,68231.12,46.52,0.07,0.2840097230439498,False,False,False,True,46.52,Low
2024-05-01,Operations,Headcount,GL-5633,78290.52,81363.31,3072.79,3.92,0.051680418870320835,False,False,False,True,3072.79,Low
2024-06-01,Operations,Headcount,GL-5633,72237.75,57744.86,-14492.88,-20.06,1.4987600848660667,True,False,True,False,14492.88,Low
2024-07-01,Operations,Headcount,GL-5633,73949.99,71284.09,-2665.9,-3.61,0.5060803306696523,False,False,False,True,2665.9,Low
2024-08-01,Operations,Headcount,GL-5633,76767.69,77397.79,630.1,0.82,0.23875076768545064,False,False,False,True,630.1,Low
2024-09-01,Operations,Headcount,GL-5633,74969.76,115123.72,40153.96,53.56,2.9438589731242093,True,True,True,False,40153.96,Medium
2024-10-01,Operations,Headcount,GL-5633,76177.79,74338.07,-1839.72,-2.42,0.43426945483416696,False,False,False,True,1839.72,Low
2024-11-01,Operations,Headcount,GL-5633,67992.12,68964.46,972.34,1.43,0.20194015066053803,False,False,False,True,972.34,Low
2024-12-01,Operations,Headcount,GL-5633,76434.16,75909.24,-524.92,-0.69,0.3298721311405623,False,False,False,True,524.92,Low
2024-01-01,Operations,Vendor/SaaS,GL-5259,161758.09,158082.62,-3675.47,-2.27,0.42521766376246717,False,False,False,True,3675.47,Low
2024-02-01,Operations,Vendor/SaaS,GL-5259,152478.12,149637.3,-2840.82,-1.86,0.40047610149982094,False,False,False,True,2840.82,Low
2024-03-01,Operations,Vendor/SaaS,GL-5259,159352.04,164273.9,4921.87,3.09,0.10176699613372656,False,False,False,True,4921.87,Low
2024-04-01,Operations,Vendor/SaaS,GL-5259,142719.64,164322.74,21603.1,15.14,0.6253935532928265,False,False,False,True,21603.1,Medium
2024-05-01,Operations,Vendor/SaaS,GL-5259,165159.33,166006.32,846.99,0.51,0.25745780256696366,False,False,False,True,846.99,Low
2024-06-01,Operations,Vendor/SaaS,GL-5259,143170.1,143388.7,218.6,0.15,0.2791821011390432,False,False,False,True,218.6,Low
2024-07-01,Operations,Vendor/SaaS,GL-5259,144201.0,144160.05,-40.95,-0.03,0.29004425042508303,False,False,False,True,40.95,Low
2024-08-01,Operations,Vendor/SaaS,GL-5259,142482.68,139148.3,-3334.38,-2.34,0.42944183292926036,False,False,False,True,3334.38,Low
2024-09-01,Operations,Vendor/SaaS,GL-5259,146564.46,149909.45,3344.99,2.28,0.15064666792090564,False,False,False,True,3344.99,Low
2024-10-01,Operations,Vendor/SaaS,GL-5259,157591.72,162186.12,4594.4,2.92,0.11202569268165304,False,False,False,True,4594.4,Low
2024-11-01,Operations,Vendor/SaaS,GL-5259,158813.75,153199.42,-5614.33,-3.54,0.501856161502859,False,False,False,True,5614.33,Low
2024-12-01,Operations,Vendor/SaaS,GL-5259,142348.42,142713.31,364.89,0.26,0.2725441210197967,False,False,False,True,364.89,Low
2024-01-01,Operations,Travel,GL-2083,155625.22,206259.32,50634.1,32.54,1.6754013176100067,False,False,False,True,50634.1,Medium
2024-02-01,Operations,Travel,GL-2083,163321.66,165681.95,2360.29,1.45,0.20073324518431135,False,False,False,True,2360.29,Low
2024-03-01,Operations,Travel,GL-2083,163419.03,157907.43,-5511.6,-3.37,0.49159746495493256,False,False,False,True,5511.6,Low
2024-04-01,Operations,Travel,GL-2083,162608.8,131153.32,-31455.48,-19.34,1.4553114877219078,False,False,False,True,31455.48,Medium
2024-05-01,Operations,Travel,GL-2083,164077.79,217349.74,53271.95,32.47,1.6711771484432134,False,False,False,True,53271.95,Medium
2024-06-01,Operations,Travel,GL-2083,171552.66,235324.46,63771.81,37.17,1.9547999353564747,False,False,False,True,63771.81,High
2024-07-01,Operations,Travel,GL-2083,148225.31,144926.18,-3299.13,-2.23,0.4228038528100138,False,False,False,True,3299.13,Low
2024-08-01,Operations,Travel,GL-2083,157164.44,157317.35,152.9,0.1,0.28219936482960983,False,False,False,True,152.9,Low
2024-09-01,Operations,Travel,GL-2083,156183.98,240624.13,84440.15,54.06,2.9740316100298756,False,True,True,False,84440.15,High
2024-10-01,Operations,Travel,GL-2083,161910.29,122662.67,-39247.63,-24.24,1.7510033293974354,False,False,False,True,39247.63,Medium
2024-11-01,Operations,Travel,GL-2083,171049.63,169525.05,-1524.58,-0.89,0.3419411859028287,False,False,False,True,1524.58,Low
2024-12-01,Operations,Travel,GL-2083,156214.49,156308.99,94.5,0.06,0.28461317578206313,False,False,False,True,94.5,Low
2024-01-01,Operations,Infrastructure,GL-4866,361841.83,359939.97,-1901.85,-0.53,0.3202168873307491,False,False,False,True,1901.85,Low
2024-02-01,Operations,Infrastructure,GL-4866,381133.1,526730.37,145597.28,38.2,2.016955567382147,True,True,True,False,145597.28,High
2024-03-01,Operations,Infrastructure,GL-4866,363794.14,357940.24,-5853.9,-1.61,0.3853897830469879,False,False,False,True,5853.9,Low
2024-04-01,Operations,Infrastructure,GL-4866,347850.59,356822.95,8972.36,2.58,0.13254308577750598,False,False,False,True,8972.36,Low
2024-05-01,Operations,Infrastructure,GL-4866,357965.25,370761.29,12796.04,3.57,0.0728012647042871,False,False,False,True,12796.04,Low
2024-06-01,Operations,Infrastructure,GL-4866,368793.67,293189.51,-75604.16,-20.5,1.5253120053430531,True,False,True,False,75604.16,High
2024-07-01,Operations,Infrastructure,GL-4866,380416.58,391624.51,11207.94,2.95,0.11021533446731305,False,False,False,True,11207.94,Low
2024-08-01,Operations,Infrastructure,GL-4866,359261.61,360876.83,1615.22,0.45,0.26107851899564355,False,False,False,True,1615.22,Low
2024-09-01,Operations,Infrastructure,GL-4866,387001.66,379924.29,-7077.38,-1.83,0.398665743285481,False,False,False,True,7077.38,Low
2024-10-01,Operations,Infrastructure,GL-4866,373875.24,382351.35,8476.11,2.27,0.15125012065901897,False,False,False,True,8476.11,Low
2024-11-01,Operations,Infrastructure,GL-4866,342211.99,343623.79,1411.8,0.41,0.26349232994809685,False,False,False,True,1411.8,Low
2024-12-01,Operations,Infrastructure,GL-4866,333716.33,339203.74,5487.4,1.64,0.18926764316015826,False,False,False,True,5487.4,Low
2024-01-01,Operations,Marketing Spend,GL-8045,324140.9,312290.25,-11850.65,-3.66,0.5090975943602188,False,False,False,True,11850.65,Low
2024-02-01,Operations,Marketing Spend,GL-8045,284080.87,421627.04,137546.17,48.42,2.633684265733962,True,True,True,False,137546.17,High
2024-03-01,Operations,Marketing Spend,GL-8045,307207.38,308789.58,1582.2,0.52,0.25685434982885025,False,False,False,True,1582.2,Low
2024-04-01,Operations,Marketing Spend,GL-8045,310855.59,246235.26,-64620.32,-20.79,1.5428121347483394,True,False,True,False,64620.32,High
2024-05-01,Operations,Marketing Spend,GL-8045,318079.15,321484.35,3405.2,1.07,0.22366444923261758,False,False,False,True,3405.2,Low
2024-06-01,Operations,Marketing Spend,GL-8045,308390.08,302821.92,-5568.16,-1.81,0.3974588378092543,False,False,False,True,5568.16,Low
2024-07-01,Operations,Marketing Spend,GL-8045,291072.66,300875.17,9802.51,3.37,0.08487031946655353,False,False,False,True,9802.51,Low
2024-08-01,Operations,Marketing Spend,GL-8045,297116.83,296672.63,-444.2,-0.15,0.2972856832824429,False,False,False,True,444.2,Low
2024-09-01,Operations,Marketing Spend,GL-8045,280264.24,363313.55,83049.31,29.63,1.49979657081903,True,False,True,False,83049.31,High
2024-10-01,Operations,Marketing Spend,GL-8045,322176.81,313035.95,-9140.86,-2.84,0.4596144698349265,False,False,False,True,9140.86,Low
2024-11-01,Operations,Marketing Spend,GL-8045,312044.61,319042.49,6997.89,2.24,0.1530604788733589,False,False,False,True,6997.89,Low
2024-12-01,Operations,Marketing Spend,GL-8045,306151.48,308522.62,2371.14,0.77,0.24176803137601724,False,False,False,True,2371.14,Low
2024-01-01,Operations,R&D,GL-4125,50479.4,50574.74,95.34,0.19,0.2767682901865899,False,False,False,True,95.34,Low
2024-02-01,Operations,R&D,GL-4125,47495.73,48964.76,1469.03,3.09,0.10176699613372656,False,False,False,True,1469.03,Low
2024-03-01,Operations,R&D,GL-4125,52471.16,53543.5,1072.34,2.04,0.16512953363562535,False,False,False,True,1072.34,Low
2024-04-01,Operations,R&D,GL-4125,48003.63,47044.53,-959.1,-2.0,0.4089244398334074,False,False,False,True,959.1,Low
2024-05-01,Operations,R&D,GL-4125,49328.15,48134.01,-1194.15,-2.42,0.43426945483416696,False,False,False,True,1194.15,Low
2024-06-01,Operations,R&D,GL-4125,49076.22,58071.97,8995.75,18.33,0.8178949767509761,False,False,False,True,8995.75,Low
2024-07-01,Operations,R&D,GL-4125,50852.95,50034.17,-818.78,-1.61,0.3853897830469879,False,False,False,True,818.78,Low
2024-08-01,Operations,R&D,GL-4125,50065.16,57550.81,7485.65,14.95,0.6139279512686733,False,False,False,True,7485.65,Low
2024-09-01,Operations,R&D,GL-4125,51354.16,76163.19,24809.03,48.31,2.6270462856147154,True,True,True,False,24809.03,Medium
2024-10-01,Operations,R&D,GL-4125,45426.25,35051.72,-10374.54,-22.84,1.6665199460615705,False,False,False,True,10374.54,Low
2024-11-01,Operations,R&D,GL-4125,46002.19,45909.0,-93.19,-0.2,0.3003029469730095,False,False,False,True,93.19,Low
2024-12-01,Operations,R&D,GL-4125,48391.89,50124.5,1732.61,3.58,0.07219781196617377,False,False,False,True,1732.61,Low
2024-01-01,HR,Headcount,GL-5712,75898.33,73595.05,-2303.29,-3.03,0.47108007185907963,False,False,False,True,2303.29,Low
2024-02-01,HR,Headcount,GL-5712,68237.63,81349.62,13111.98,19.22,0.8716022704430618,False,False,False,True,13111.98,Low
2024-03-01,HR,Headcount,GL-5712,72255.04,73361.9,1106.87,1.53,0.19590562327940478,False,False,False,True,1106.87,Low
2024-04-01,HR,Headcount,GL-5712,75884.75,77152.48,1267.73,1.67,0.1874572849458183,False,False,False,True,1267.73,Low
2024-05-01,HR,Headcount,GL-5712,70750.56,95509.87,24759.31,35.0,1.823850691185884,True,False,True,False,24759.31,Medium
2024-06-01,HR,Headcount,GL-5712,69426.02,68645.65,-780.38,-1.12,0.3558205988794351,False,False,False,True,780.38,Low
2024-07-01,HR,Headcount,GL-5712,67600.71,65091.78,-2508.93,-3.71,0.5121148580507855,False,False,False,True,2508.93,Low
2024-08-01,HR,Headcount,GL-5712,75316.78,77219.35,1902.57,2.53,0.1355603494680726,False,False,False,True,1902.57,Low
2024-09-01,HR,Headcount,GL-5712,69927.43,67734.52,-2192.91,-3.14,0.4777180519783261,False,False,False,True,2192.91,Low
2024-10-01,HR,Headcount,GL-5712,77254.75,79871.1,2616.35,3.39,0.08366341399032688,False,False,False,True,2616.35,Low
2024-11-01,HR,Headcount,GL-5712,77963.48,76462.98,-1500.5,-1.92,0.4040968179285009,False,False,False,True,1500.5,Low
2024-12-01,HR,Headcount,GL-5712,69683.52,81689.0,12005.48,17.23,0.7515151755585108,False,False,False,True,12005.48,Low
2024-01-01,HR,Vendor/SaaS,GL-1988,369164.65,371258.8,2094.15,0.57,0.25383708613828365,False,False,False,True,2094.15,Low
2024-02-01,HR,Vendor/SaaS,GL-1988,361873.4,502487.1,140613.7,38.86,2.056783448097626,False,True,True,False,140613.7,High
2024-03-01,HR,Vendor/SaaS,GL-1988,347303.9,335508.92,-11794.97,-3.4,0.4934078231692725,False,False,False,True,11794.97,Low
2024-04-01,HR,Vendor/SaaS,GL-1988,365015.23,378201.03,13185.8,3.61,0.07038745375183382,False,False,False,True,13185.8,Low
2024-05-01,HR,Vendor/SaaS,GL-1988,351911.39,411585.33,59673.94,16.96,0.7352219516294511,False,False,False,True,59673.94,Medium
2024-06-01,HR,Vendor/SaaS,GL-1988,366376.72,426935.49,60558.77,16.53,0.7092734838905783,False,False,False,True,60558.77,High
2024-07-01,HR,Vendor/SaaS,GL-1988,343397.5,341011.39,-2386.12,-0.69,0.3298721311405623,False,False,False,True,2386.12,Low
2024-08-01,HR,Vendor/SaaS,GL-1988,325070.78,323049.37,-2021.41,-0.62,0.325647961973769,False,False,False,True,2021.41,Low
2024-09-01,HR,Vendor/SaaS,GL-1988,343897.93,336886.75,-7011.18,-2.04,0.4113382507858607,False,False,False,True,7011.18,Low
2024-10-01,HR,Vendor/SaaS,GL-1988,352554.71,458002.78,105448.07,29.91,1.5166932474862032,False,False,False,True,105448.07,High
2024-11-01,HR,Vendor/SaaS,GL-1988,350071.84,356838.49,6766.65,1.93,0.17176751375487193,False,False,False,True,6766.65,Low
2024-12-01,HR,Vendor/SaaS,GL-1988,377149.73,363960.49,-13189.24,-3.5,0.4994423505504057,False,False,False,True,13189.24,Low
2024-01-01,HR,Travel,GL-9022,297938.53,299758.59,1820.07,0.61,0.2514232751858304,False,False,False,True,1820.07,Low
2024-02-01,HR,Travel,GL-9022,332386.93,340710.21,8323.28,2.5,0.13737070768241255,False,False,False,True,8323.28,Low
2024-03-01,HR,Travel,GL-9022,317063.17,315384.86,-1678.31,-0.53,0.3202168873307491,False,False,False,True,1678.31,Low
2024-04-01,HR,Travel,GL-9022,328669.37,330133.7,1464.33,0.45,0.26107851899564355,False,False,False,True,1464.33,Low
2024-05-01,HR,Travel,GL-9022,295322.47,300822.96,5500.49,1.86,0.17599168292166514,False,False,False,True,5500.49,Low
2024-06-01,HR,Travel,GL-9022,323697.85,333287.87,9590.02,2.96,0.10961188172919974,False,False,False,True,9590.02,Low
2024-07-01,HR,Travel,GL-9022,308145.45,310407.75,2262.3,0.73,0.24418184232847057,False,False,False,True,2262.3,Low
2024-08-01,HR,Travel,GL-9022,297793.75,299652.65,1858.9,0.62,0.25081982244771706,False,False,False,True,1858.9,Low
2024-09-01,HR,Travel,GL-9022,295082.34,303044.21,7961.87,2.7,0.1253016529201461,False,False,False,True,7961.87,Low
2024-10-01,HR,Travel,GL-9022,306134.56,313575.1,7440.55,2.43,0.1415948768492058,False,False,False,True,7440.55,Low
2024-11-01,HR,Travel,GL-9022,316742.4,304204.25,-12538.15,-3.96,0.5272011765036185,False,False,False,True,12538.15,Low
2024-12-01,HR,Travel,GL-9022,336266.84,325188.12,-11078.71,-3.29,0.48676984305002596,False,False,False,True,11078.71,Low
2024-01-01,HR,Infrastructure,GL-6727,62877.79,63833.52,955.73,1.52,0.1965090760175181,False,False,False,True,955.73,Low
2024-02-01,HR,Infrastructure,GL-6727,56922.17,59019.43,2097.27,3.68,0.06616328458504055,False,False,False,True,2097.27,Low
2024-03-01,HR,Infrastructure,GL-6727,58023.73,58862.07,838.34,1.44,0.20133669792242467,False,False,False,True,838.34,Low
2024-04-01,HR,Infrastructure,GL-6727,60696.13,58330.64,-2365.49,-3.9,0.5235804600749386,False,False,False,True,2365.49,Low
2024-05-01,HR,Infrastructure,GL-6727,58945.48,57318.43,-1627.05,-2.76,0.4547868479300199,False,False,False,True,1627.05,Low
2024-06-01,HR,Infrastructure,GL-6727,63285.65,64346.82,1061.17,1.68,0.18685383220770496,False,False,False,True,1061.17,Low
2024-07-01,HR,Infrastructure,GL-6727,62746.73,72918.46,10171.74,16.21,0.689962996270952,True,False,True,False,10171.74,Low
2024-08-01,HR,Infrastructure,GL-6727,64608.63,63962.09,-646.54,-1.0,0.3485791660220752,False,False,False,True,646.54,Low
2024-09-01,HR,Infrastructure,GL-6727,58966.89,60170.77,1203.88,2.04,0.16512953363562535,False,False,False,True,1203.88,Low
2024-10-01,HR,Infrastructure,GL-6727,57932.52,43516.35,-14416.17,-24.88,1.789624304636688,True,False,True,False,14416.17,Low
2024-11-01,HR,Infrastructure,GL-6727,62822.82,64232.87,1410.05,2.24,0.1530604788733589,False,False,False,True,1410.05,Low
2024-12-01,HR,Infrastructure,GL-6727,57824.78,56640.61,-1184.17,-2.05,0.411941703523974,False,False,False,True,1184.17,Low
2024-01-01,HR,Marketing Spend,GL-3884,143483.55,109681.65,-33801.89,-23.56,1.7099685432057294,True,False,True,False,33801.89,Medium
2024-02-01,HR,Marketing Spend,GL-3884,155506.21,150509.34,-4996.87,-3.21,0.4819422211451194,False,False,False,True,4996.87,Low
2024-03-01,HR,Marketing Spend,GL-3884,147819.27,220704.97,72885.7,49.31,2.6873915594260476,True,True,True,False,72885.7,High
2024-04-01,HR,Marketing Spend,GL-3884,161408.11,163712.94,2304.83,1.43,0.20194015066053803,False,False,False,True,2304.83,Low
2024-05-01,HR,Marketing Spend,GL-3884,151150.0,145403.89,-5746.11,-3.8,0.5175459326938054,False,False,False,True,5746.11,Low
2024-06-01,HR,Marketing Spend,GL-3884,164638.23,128576.41,-36061.82,-21.9,1.609795388678918,True,False,True,False,36061.82,Medium
2024-07-01,HR,Marketing Spend,GL-3884,147238.3,147504.22,265.92,0.18,0.2773717429247033,False,False,False,True,265.92,Low
2024-08-01,HR,Marketing Spend,GL-3884,155661.14,161700.86,6039.73,3.88,0.05409422982277412,False,False,False,True,6039.73,Low
2024-09-01,HR,Marketing Spend,GL-3884,167867.85,165068.32,-2799.52,-1.67,0.3890104994756678,False,False,False,True,2799.52,Low
2024-10-01,HR,Marketing Spend,GL-3884,151068.39,150959.74,-108.65,-0.07,0.2924580613775363,False,False,False,True,108.65,Low
2024-11-01,HR,Marketing Spend,GL-3884,163460.11,169396.08,5935.96,3.63,0.06918054827560717,False,False,False,True,5935.96,Low
2024-12-01,HR,Marketing Spend,GL-3884,161825.75,156362.89,-5462.85,-3.38,0.49220091769304586,False,False,False,True,5462.85,Low
2024-01-01,HR,R&D,GL-3269,223034.1,221867.26,-1166.84,-0.52,0.3196134345926358,False,False,False,True,1166.84,Low
2024-02-01,HR,R&D,GL-3269,211331.66,133486.16,-77845.5,-36.84,2.5113537794202214,True,True,True,False,77845.5,High
2024-03-01,HR,R&D,GL-3269,215476.02,300524.85,85048.83,39.47,2.0935940651225384,True,True,True,False,85048.83,High
2024-04-01,HR,R&D,GL-3269,229590.22,224918.18,-4672.03,-2.03,0.41073479804774743,False,False,False,True,4672.03,Low
2024-05-01,HR,R&D,GL-3269,221879.94,267596.26,45716.32,20.6,0.9548787483027004,False,False,False,True,45716.32,Medium
2024-06-01,HR,R&D,GL-3269,231205.65,227022.81,-4182.84,-1.81,0.3974588378092543,False,False,False,True,4182.84,Low
2024-07-01,HR,R&D,GL-3269,222867.7,217346.8,-5520.9,-2.48,0.43789017126284685,False,False,False,True,5520.9,Low
2024-08-01,HR,R&D,GL-3269,205055.77,164551.56,-40504.21,-19.75,1.480053049984554,False,False,False,True,40504.21,Medium
2024-09-01,HR,R&D,GL-3269,236513.13,179711.71,-56801.42,-24.02,1.7377273691589423,False,False,False,True,56801.42,Medium
2024-10-01,HR,R&D,GL-3269,231746.43,233710.49,1964.06,0.85,0.23694040947111067,False,False,False,True,1964.06,Low
2024-11-01,HR,R&D,GL-3269,223039.13,221305.38,-1733.75,-0.78,0.3353032057835822,False,False,False,True,1733.75,Low
2024-12-01,HR,R&D,GL-3269,210621.62,203469.74,-7151.87,-3.4,0.4934078231692725,False,False,False,True,7151.87,Low
2024-01-01,IT,Headcount,GL-8243,253003.7,261511.54,8507.84,3.36,0.08547377220466687,False,False,False,True,8507.84,Low
2024-02-01,IT,Headcount,GL-8243,251319.25,242263.09,-9056.16,-3.6,0.505476877931539,False,False,False,True,9056.16,Low
2024-03-01,IT,Headcount,GL-8243,263178.96,305612.48,42433.51,16.12,0.6845319216279321,False,False,False,True,42433.51,Medium
2024-04-01,IT,Headcount,GL-8243,241380.45,282925.67,41545.22,17.21,0.7503082700822842,False,False,False,True,41545.22,Medium
2024-05-01,IT,Headcount,GL-8243,233794.45,281073.37,47278.92,20.22,0.931947544254394,False,False,False,True,47278.92,Medium
2024-06-01,IT,Headcount,GL-8243,271296.81,278154.9,6858.09,2.53,0.1355603494680726,False,False,False,True,6858.09,Low
2024-07-01,IT,Headcount,GL-8243,235117.57,236701.74,1584.17,0.67,0.2478025587571505,False,False,False,True,1584.17,Low
2024-08-01,IT,Headcount,GL-8243,264770.79,363755.26,98984.47,37.38,1.9674724428568546,False,True,True,False,98984.47,High
2024-09-01,IT,Headcount,GL-8243,262816.76,259372.13,-3444.62,-1.31,0.3672862009035882,False,False,False,True,3444.62,Low
2024-10-01,IT,Headcount,GL-8243,251167.86,246146.44,-5021.41,-2.0,0.4089244398334074,False,False,False,True,5021.41,Low
2024-11-01,IT,Headcount,GL-8243,267874.09,267622.81,-251.27,-0.09,0.2936649668537629,False,False,False,True,251.27,Low
2024-12-01,IT,Headcount,GL-8243,258973.3,255059.46,-3913.84,-1.51,0.37935525566585465,False,False,False,True,3913.84,Low
2024-01-01,IT,Vendor/SaaS,GL-4088,190517.54,260391.11,69873.57,36.68,1.925230751188922,True,False,True,False,69873.57,High
2024-02-01,IT,Vendor/SaaS,GL-4088,179525.93,176078.1,-3447.82,-1.92,0.4040968179285009,False,False,False,True,3447.82,Low
2024-03-01,IT,Vendor/SaaS,GL-4088,200714.91,200915.99,201.08,0.1,0.28219936482960983,False,False,False,True,201.08,Low
2024-04-01,IT,Vendor/SaaS,GL-4088,181558.69,183035.51,1476.82,0.81,0.23935422042356397,False,False,False,True,1476.82,Low
2024-05-01,IT,Vendor/SaaS,GL-4088,177897.99,184410.49,6512.5,3.66,0.0673701900612672,False,False,False,True,6512.5,Low
2024-06-01,IT,Vendor/SaaS,GL-4088,178174.24,175799.91,-2374.32,-1.33,0.36849310637981486,False,False,False,True,2374.32,Low
2024-07-01,IT,Vendor/SaaS,GL-4088,182583.57,175702.09,-6881.48,-3.77,0.5157355744794655,False,False,False,True,6881.48,Low
2024-08-01,IT,Vendor/SaaS,GL-4088,173623.26,167033.11,-6590.15,-3.8,0.5175459326938054,False,False,False,True,6590.15,Low
2024-09-01,IT,Vendor/SaaS,GL-4088,182824.33,213122.22,30297.89,16.57,0.7116872948430315,False,False,False,True,30297.89,Medium
2024-10-01,IT,Vendor/SaaS,GL-4088,175619.73,172313.52,-3306.2,-1.88,0.4016830069760476,False,False,False,True,3306.2,Low
2024-11-01,IT,Vendor/SaaS,GL-4088,171479.73,175593.02,4113.29,2.4,0.14340523506354577,False,False,False,True,4113.29,Low
2024-12-01,IT,Vendor/SaaS,GL-4088,184793.08,214402.66,29609.58,16.02,0.6784973942467988,False,False,False,True,29609.58,Medium
2024-01-01,IT,Travel,GL-7053,310984.5,309111.69,-1872.81,-0.6,0.32444105649754235,False,False,False,True,1872.81,Low
2024-02-01,IT,Travel,GL-7053,309348.58,408892.83,99544.25,32.18,1.653677019037927,False,False,False,True,99544.25,High
2024-03-01,IT,Travel,GL-7053,322146.87,381132.71,58985.83,18.31,0.8166880712747495,False,False,False,True,58985.83,Medium
2024-04-01,IT,Travel,GL-7053,326842.6,318555.36,-8287.25,-2.54,0.44151088769152685,False,False,False,True,8287.25,Low
2024-05-01,IT,Travel,GL-7053,324320.17,335516.79,11196.62,3.45,0.08004269756164695,False,False,False,True,11196.62,Low
2024-06-01,IT,Travel,GL-7053,299424.23,352917.49,53493.27,17.87,0.7901361507977634,False,False,False,True,53493.27,Medium
2024-07-01,IT,Travel,GL-7053,288521.35,224594.93,-63926.41,-22.16,1.6254851598698645,False,False,False,True,63926.41,High
2024-08-01,IT,Travel,GL-7053,282345.17,345611.5,63266.34,22.41,1.0641036939012116,False,False,False,True,63266.34,High
2024-09-01,IT,Travel,GL-7053,279772.94,285792.29,6019.35,2.15,0.15849155351637884,False,False,False,True,6019.35,Low
2024-10-01,IT,Travel,GL-7053,308638.4,238839.55,-69798.86,-22.62,1.6532439858230774,False,False,False,True,69798.86,High
2024-11-01,IT,Travel,GL-7053,283147.11,279729.03,-3418.08,-1.21,0.361251673522455,False,False,False,True,3418.08,Low
2024-12-01,IT,Travel,GL-7053,280782.31,284085.05,3302.74,1.18,0.21702646911337106,False,False,False,True,3302.74,Low
2024-01-01,IT,Infrastructure,GL-5949,337370.59,344243.36,6872.77,2.04,0.16512953363562535,False,False,False,True,6872.77,Low
2024-02-01,IT,Infrastructure,GL-5949,346753.83,234357.15,-112396.68,-32.41,2.2440242164360193,True,True,True,False,112396.68,High
2024-03-01,IT,Infrastructure,GL-5949,360597.97,357584.93,-3013.04,-0.84,0.3389239222122621,False,False,False,True,3013.04,Low
2024-04-01,IT,Infrastructure,GL-5949,319363.87,322062.8,2698.94,0.85,0.23694040947111067,False,False,False,True,2698.94,Low
2024-05-01,IT,Infrastructure,GL-5949,328925.07,316465.1,-12459.97,-3.79,0.5169424799556921,False,False,False,True,12459.97,Low
2024-06-01,IT,Infrastructure,GL-5949,320894.83,502170.37,181275.54,56.49,3.120670625391413,True,True,True,False,181275.54,Critical
2024-07-01,IT,Infrastructure,GL-5949,323821.38,430062.16,106240.79,32.81,1.6916945415390665,True,False,True,False,106240.79,High
2024-08-01,IT,Infrastructure,GL-5949,353635.34,352540.96,-1094.38,-0.31,0.306940927092256,False,False,False,True,1094.38,Low
2024-09-01,IT,Infrastructure,GL-5949,350123.66,228297.91,-121825.75,-34.8,2.3882494208451037,True,True,True,False,121825.75,High
2024-10-01,IT,Infrastructure,GL-5949,368209.96,374711.47,6501.52,1.77,0.18142275756468507,False,False,False,True,6501.52,Low
2024-11-01,IT,Infrastructure,GL-5949,351639.45,337601.98,-14037.46,-3.99,0.5290115347179586,False,False,False,True,14037.46,Low
2024-12-01,IT,Infrastructure,GL-5949,329376.0,317907.11,-11468.89,-3.48,0.49823544507417905,False,False,False,True,11468.89,Low
2024-01-01,IT,Marketing Spend,GL-3072,167919.57,127709.18,-40210.39,-23.95,1.733503199992149,True,False,True,False,40210.39,Medium
2024-02-01,IT,Marketing Spend,GL-3072,167601.73,167534.38,-67.34,-0.04,0.2906477031631963,False,False,False,True,67.34,Low
2024-03-01,IT,Marketing Spend,GL-3072,185384.18,178837.62,-6546.56,-3.53,0.5012527087647457,False,False,False,True,6546.56,Low
2024-04-01,IT,Marketing Spend,GL-3072,187350.68,192568.86,5218.18,2.79,0.11987057827712622,False,False,False,True,5218.18,Low
2024-05-01,IT,Marketing Spend,GL-3072,169009.37,173927.76,4918.39,2.91,0.11262914541976635,False,False,False,True,4918.39,Low
2024-06-01,IT,Marketing Spend,GL-3072,189478.31,195923.11,6444.8,3.4,0.08305996125221357,False,False,False,True,6444.8,Low
2024-07-01,IT,Marketing Spend,GL-3072,177001.16,177732.34,731.18,0.41,0.26349232994809685,False,False,False,True,731.18,Low
2024-08-01,IT,Marketing Spend,GL-3072,163276.81,161994.83,-1281.97,-0.79,0.3359066585216955,False,False,False,True,1281.97,Low
2024-09-01,IT,Marketing Spend,GL-3072,167245.05,193437.87,26192.82,15.66,0.6567730956747192,False,False,False,True,26192.82,Medium
2024-10-01,IT,Marketing Spend,GL-3072,163183.84,156748.36,-6435.48,-3.94,0.5259942710273919,False,False,False,True,6435.48,Low
2024-11-01,IT,Marketing Spend,GL-3072,169890.16,168999.65,-890.51,-0.52,0.3196134345926358,False,False,False,True,890.51,Low
2024-12-01,IT,Marketing Spend,GL-3072,162955.58,168742.62,5787.05,3.55,0.07400817018051375,False,False,False,True,5787.05,Low
2024-01-01,IT,R&D,GL-3371,117838.33,119900.27,2061.94,1.75,0.1826296630409117,False,False,False,True,2061.94,Low
2024-02-01,IT,R&D,GL-3371,119618.0,120331.18,713.18,0.6,0.25202672792394376,False,False,False,True,713.18,Low
2024-03-01,IT,R&D,GL-3371,103727.03,102299.53,-1427.5,-1.38,0.37151037007038146,False,False,False,True,1427.5,Low
2024-04-01,IT,R&D,GL-3371,118274.16,121199.72,2925.56,2.47,0.1391810658967525,False,False,False,True,2925.56,Low
2024-05-01,IT,R&D,GL-3371,120305.74,121868.36,1562.61,1.3,0.2097850362560112,False,False,False,True,1562.61,Low
2024-06-01,IT,R&D,GL-3371,107452.03,85185.03,-22266.99,-20.72,1.538587965581546,True,False,True,False,22266.99,Medium
2024-07-01,IT,R&D,GL-3371,117093.54,118569.19,1475.65,1.26,0.2121988472084645,False,False,False,True,1475.65,Low
2024-08-01,IT,R&D,GL-3371,107794.41,111521.48,3727.07,3.46,0.07943924482353364,False,False,False,True,3727.07,Low
2024-09-01,IT,R&D,GL-3371,116669.81,118639.57,1969.76,1.69,0.18625037946959164,False,False,False,True,1969.76,Low
2024-10-01,IT,R&D,GL-3371,105436.1,107147.43,1711.32,1.62,0.19047454863638488,False,False,False,True,1711.32,Low
2024-11-01,IT,R&D,GL-3371,105068.35,104649.16,-419.19,-0.4,0.31237200173527596,False,False,False,True,419.19,Low
2024-12-01,IT,R&D,GL-3371,110500.97,151197.21,40696.24,36.83,1.9342825422606216,True,False,True,False,40696.24,Medium
